<?xml version="1.0" encoding="UTF-8"?>
<project-private xmlns="http://www.netbeans.org/ns/project-private/1">
    <editor-bookmarks xmlns="http://www.netbeans.org/ns/editor-bookmarks/2" lastBookmarkId="0"/>
    <open-files xmlns="http://www.netbeans.org/ns/projectui-open-files/2">
        <group>
            <file>file:/D:/Sustained/src/sustained/Quiz.java</file>
            <file>file:/D:/Sustained/src/sustained/Quiz_Form.java</file>
            <file>file:/D:/Sustained/src/sustained/MenuForm.java</file>
            <file>file:/D:/Sustained/src/sustained/QuizMainForm.java</file>
            <file>file:/D:/Sustained/src/sustained/QuizUIForm.java</file>
        </group>
    </open-files>
</project-private>
